{"cameraMode":{"drawMode":0,"name":"Shaded","section":"Shading Mode"},"sceneLighting":true,"audioPlay":false,"sceneViewState":{"m_AlwaysRefresh":true,"showFog":true,"showSkybox":true,"showFlares":true,"showImageEffects":true,"showParticleSystems":true,"showVisualEffectGraphs":true,"m_FxEnabled":true},"in2DMode":false,"pivot":{"x":33.51674270629883,"y":15.730264663696289,"z":-1.6830745935440064},"rotation":{"x":-0.21878065168857575,"y":-0.046235766261816028,"z":0.010382267646491528,"w":-0.9746534824371338},"size":4.202418804168701,"orthographic":false}